<Anims>
 <anim name="idle" root="blackstaff" numframes="1000" framerate="40">
  <frame idx="0" w="184" h="565" x="-0.456635" y="-151.274078">
   <element name="symbol0" layername="blackstaff" frame="0" z_index="1" m_a="0.999991" m_b="0.004163" m_c="-0.004588" m_d="1.101962" m_tx="-0.522599" m_ty="-273.221405"/>
  </frame>
  <frame idx="25" w="184" h="565" x="-0.456635" y="-151.274078">
   <element name="symbol0" layername="blackstaff" frame="0" z_index="1" m_a="0.999991" m_b="0.004163" m_c="-0.004588" m_d="1.101962" m_tx="-0.522599" m_ty="-273.221405"/>
  </frame>
  <frame idx="50" w="184" h="565" x="-0.456635" y="-151.274078">
   <element name="symbol0" layername="blackstaff" frame="0" z_index="1" m_a="0.999991" m_b="0.004163" m_c="-0.004588" m_d="1.101962" m_tx="-0.522599" m_ty="-273.221405"/>
  </frame>
  <frame idx="75" w="184" h="565" x="-0.456635" y="-151.274078">
   <element name="symbol0" layername="blackstaff" frame="0" z_index="1" m_a="0.999991" m_b="0.004163" m_c="-0.004588" m_d="1.101962" m_tx="-0.522599" m_ty="-273.221405"/>
  </frame>
  <frame idx="100" w="184" h="565" x="-0.456635" y="-151.274078">
   <element name="symbol0" layername="blackstaff" frame="0" z_index="1" m_a="0.999991" m_b="0.004163" m_c="-0.004588" m_d="1.101962" m_tx="-0.522599" m_ty="-273.221405"/>
  </frame>
  <frame idx="125" w="184" h="565" x="-0.456635" y="-151.274078">
   <element name="symbol0" layername="blackstaff" frame="0" z_index="1" m_a="0.999991" m_b="0.004163" m_c="-0.004588" m_d="1.101962" m_tx="-0.522599" m_ty="-273.221405"/>
  </frame>
  <frame idx="150" w="184" h="565" x="-0.456635" y="-151.274078">
   <element name="symbol0" layername="blackstaff" frame="0" z_index="1" m_a="0.999991" m_b="0.004163" m_c="-0.004588" m_d="1.101962" m_tx="-0.522599" m_ty="-273.221405"/>
  </frame>
  <frame idx="175" w="184" h="565" x="-0.456635" y="-151.274078">
   <element name="symbol0" layername="blackstaff" frame="0" z_index="1" m_a="0.999991" m_b="0.004163" m_c="-0.004588" m_d="1.101962" m_tx="-0.522599" m_ty="-273.221405"/>
  </frame>
  <frame idx="200" w="184" h="565" x="-0.456635" y="-151.274078">
   <element name="symbol0" layername="blackstaff" frame="0" z_index="1" m_a="0.999991" m_b="0.004163" m_c="-0.004588" m_d="1.101962" m_tx="-0.522599" m_ty="-273.221405"/>
  </frame>
  <frame idx="225" w="184" h="565" x="-0.456635" y="-151.274078">
   <element name="symbol0" layername="blackstaff" frame="0" z_index="1" m_a="0.999991" m_b="0.004163" m_c="-0.004588" m_d="1.101962" m_tx="-0.522599" m_ty="-273.221405"/>
  </frame>
  <frame idx="250" w="184" h="565" x="-0.456635" y="-151.274078">
   <element name="symbol0" layername="blackstaff" frame="0" z_index="1" m_a="0.999991" m_b="0.004163" m_c="-0.004588" m_d="1.101962" m_tx="-0.522599" m_ty="-273.221405"/>
  </frame>
  <frame idx="275" w="184" h="565" x="-0.456635" y="-151.274078">
   <element name="symbol0" layername="blackstaff" frame="0" z_index="1" m_a="0.999991" m_b="0.004163" m_c="-0.004588" m_d="1.101962" m_tx="-0.522599" m_ty="-273.221405"/>
  </frame>
  <frame idx="300" w="184" h="565" x="-0.456635" y="-151.274078">
   <element name="symbol0" layername="blackstaff" frame="0" z_index="1" m_a="0.999991" m_b="0.004163" m_c="-0.004588" m_d="1.101962" m_tx="-0.522599" m_ty="-273.221405"/>
  </frame>
  <frame idx="325" w="184" h="565" x="-0.456635" y="-151.274078">
   <element name="symbol0" layername="blackstaff" frame="0" z_index="1" m_a="0.999991" m_b="0.004163" m_c="-0.004588" m_d="1.101962" m_tx="-0.522599" m_ty="-273.221405"/>
  </frame>
  <frame idx="350" w="184" h="565" x="-0.456635" y="-151.274078">
   <element name="symbol0" layername="blackstaff" frame="0" z_index="1" m_a="0.999991" m_b="0.004163" m_c="-0.004588" m_d="1.101962" m_tx="-0.522599" m_ty="-273.221405"/>
  </frame>
  <frame idx="375" w="184" h="565" x="-0.456635" y="-151.274078">
   <element name="symbol0" layername="blackstaff" frame="0" z_index="1" m_a="0.999991" m_b="0.004163" m_c="-0.004588" m_d="1.101962" m_tx="-0.522599" m_ty="-273.221405"/>
  </frame>
  <frame idx="400" w="184" h="565" x="-0.456635" y="-151.274078">
   <element name="symbol0" layername="blackstaff" frame="0" z_index="1" m_a="0.999991" m_b="0.004163" m_c="-0.004588" m_d="1.101962" m_tx="-0.522599" m_ty="-273.221405"/>
  </frame>
  <frame idx="425" w="184" h="565" x="-0.456635" y="-151.274078">
   <element name="symbol0" layername="blackstaff" frame="0" z_index="1" m_a="0.999991" m_b="0.004163" m_c="-0.004588" m_d="1.101962" m_tx="-0.522599" m_ty="-273.221405"/>
  </frame>
  <frame idx="450" w="184" h="565" x="-0.456635" y="-151.274078">
   <element name="symbol0" layername="blackstaff" frame="0" z_index="1" m_a="0.999991" m_b="0.004163" m_c="-0.004588" m_d="1.101962" m_tx="-0.522599" m_ty="-273.221405"/>
  </frame>
  <frame idx="475" w="184" h="565" x="-0.456635" y="-151.274078">
   <element name="symbol0" layername="blackstaff" frame="0" z_index="1" m_a="0.999991" m_b="0.004163" m_c="-0.004588" m_d="1.101962" m_tx="-0.522599" m_ty="-273.221405"/>
  </frame>
  <frame idx="500" w="184" h="565" x="-0.456635" y="-151.274078">
   <element name="symbol0" layername="blackstaff" frame="0" z_index="1" m_a="0.999991" m_b="0.004163" m_c="-0.004588" m_d="1.101962" m_tx="-0.522599" m_ty="-273.221405"/>
  </frame>
  <frame idx="525" w="184" h="565" x="-0.456635" y="-151.274078">
   <element name="symbol0" layername="blackstaff" frame="0" z_index="1" m_a="0.999991" m_b="0.004163" m_c="-0.004588" m_d="1.101962" m_tx="-0.522599" m_ty="-273.221405"/>
  </frame>
  <frame idx="550" w="184" h="565" x="-0.456635" y="-151.274078">
   <element name="symbol0" layername="blackstaff" frame="0" z_index="1" m_a="0.999991" m_b="0.004163" m_c="-0.004588" m_d="1.101962" m_tx="-0.522599" m_ty="-273.221405"/>
  </frame>
  <frame idx="575" w="184" h="565" x="-0.456635" y="-151.274078">
   <element name="symbol0" layername="blackstaff" frame="0" z_index="1" m_a="0.999991" m_b="0.004163" m_c="-0.004588" m_d="1.101962" m_tx="-0.522599" m_ty="-273.221405"/>
  </frame>
  <frame idx="600" w="184" h="565" x="-0.456635" y="-151.274078">
   <element name="symbol0" layername="blackstaff" frame="0" z_index="1" m_a="0.999991" m_b="0.004163" m_c="-0.004588" m_d="1.101962" m_tx="-0.522599" m_ty="-273.221405"/>
  </frame>
  <frame idx="625" w="184" h="565" x="-0.456635" y="-151.274078">
   <element name="symbol0" layername="blackstaff" frame="0" z_index="1" m_a="0.999991" m_b="0.004163" m_c="-0.004588" m_d="1.101962" m_tx="-0.522599" m_ty="-273.221405"/>
  </frame>
  <frame idx="650" w="184" h="565" x="-0.456635" y="-151.274078">
   <element name="symbol0" layername="blackstaff" frame="0" z_index="1" m_a="0.999991" m_b="0.004163" m_c="-0.004588" m_d="1.101962" m_tx="-0.522599" m_ty="-273.221405"/>
  </frame>
  <frame idx="675" w="184" h="565" x="-0.456635" y="-151.274078">
   <element name="symbol0" layername="blackstaff" frame="0" z_index="1" m_a="0.999991" m_b="0.004163" m_c="-0.004588" m_d="1.101962" m_tx="-0.522599" m_ty="-273.221405"/>
  </frame>
  <frame idx="700" w="184" h="565" x="-0.456635" y="-151.274078">
   <element name="symbol0" layername="blackstaff" frame="0" z_index="1" m_a="0.999991" m_b="0.004163" m_c="-0.004588" m_d="1.101962" m_tx="-0.522599" m_ty="-273.221405"/>
  </frame>
  <frame idx="725" w="184" h="565" x="-0.456635" y="-151.274078">
   <element name="symbol0" layername="blackstaff" frame="0" z_index="1" m_a="0.999991" m_b="0.004163" m_c="-0.004588" m_d="1.101962" m_tx="-0.522599" m_ty="-273.221405"/>
  </frame>
  <frame idx="750" w="184" h="565" x="-0.456635" y="-151.274078">
   <element name="symbol0" layername="blackstaff" frame="0" z_index="1" m_a="0.999991" m_b="0.004163" m_c="-0.004588" m_d="1.101962" m_tx="-0.522599" m_ty="-273.221405"/>
  </frame>
  <frame idx="775" w="184" h="565" x="-0.456635" y="-151.274078">
   <element name="symbol0" layername="blackstaff" frame="0" z_index="1" m_a="0.999991" m_b="0.004163" m_c="-0.004588" m_d="1.101962" m_tx="-0.522599" m_ty="-273.221405"/>
  </frame>
  <frame idx="800" w="184" h="565" x="-0.456635" y="-151.274078">
   <element name="symbol0" layername="blackstaff" frame="0" z_index="1" m_a="0.999991" m_b="0.004163" m_c="-0.004588" m_d="1.101962" m_tx="-0.522599" m_ty="-273.221405"/>
  </frame>
  <frame idx="825" w="184" h="565" x="-0.456635" y="-151.274078">
   <element name="symbol0" layername="blackstaff" frame="0" z_index="1" m_a="0.999991" m_b="0.004163" m_c="-0.004588" m_d="1.101962" m_tx="-0.522599" m_ty="-273.221405"/>
  </frame>
  <frame idx="850" w="184" h="565" x="-0.456635" y="-151.274078">
   <element name="symbol0" layername="blackstaff" frame="0" z_index="1" m_a="0.999991" m_b="0.004163" m_c="-0.004588" m_d="1.101962" m_tx="-0.522599" m_ty="-273.221405"/>
  </frame>
  <frame idx="875" w="184" h="565" x="-0.456635" y="-151.274078">
   <element name="symbol0" layername="blackstaff" frame="0" z_index="1" m_a="0.999991" m_b="0.004163" m_c="-0.004588" m_d="1.101962" m_tx="-0.522599" m_ty="-273.221405"/>
  </frame>
  <frame idx="900" w="184" h="565" x="-0.456635" y="-151.274078">
   <element name="symbol0" layername="blackstaff" frame="0" z_index="1" m_a="0.999991" m_b="0.004163" m_c="-0.004588" m_d="1.101962" m_tx="-0.522599" m_ty="-273.221405"/>
  </frame>
  <frame idx="925" w="184" h="565" x="-0.456635" y="-151.274078">
   <element name="symbol0" layername="blackstaff" frame="0" z_index="1" m_a="0.999991" m_b="0.004163" m_c="-0.004588" m_d="1.101962" m_tx="-0.522599" m_ty="-273.221405"/>
  </frame>
  <frame idx="950" w="184" h="565" x="-0.456635" y="-151.274078">
   <element name="symbol0" layername="blackstaff" frame="0" z_index="1" m_a="0.999991" m_b="0.004163" m_c="-0.004588" m_d="1.101962" m_tx="-0.522599" m_ty="-273.221405"/>
  </frame>
  <frame idx="975" w="184" h="565" x="-0.456635" y="-151.274078">
   <element name="symbol0" layername="blackstaff" frame="0" z_index="1" m_a="0.999991" m_b="0.004163" m_c="-0.004588" m_d="1.101962" m_tx="-0.522599" m_ty="-273.221405"/>
  </frame>
 </anim>
</Anims>
