<Anims>
 <anim name="BUILD" root="swap_blackstaff" numframes="1000" framerate="40">
  <frame idx="0" w="426" h="449" x="-82.049911" y="-41.860321">
   <element name="symbol0" layername="blackstaff" frame="0" z_index="1" m_a="0.870937" m_b="0.491394" m_c="-0.491394" m_d="0.870937" m_tx="7.089571" m_ty="-0.164311"/>
  </frame>
  <frame idx="25" w="420" h="448" x="-79.103546" y="-40.627274">
   <element name="symbol0" layername="blackstaff" frame="0" z_index="1" m_a="0.879111" m_b="0.476616" m_c="-0.476616" m_d="0.879111" m_tx="6.945392" m_ty="0.951461"/>
  </frame>
  <frame idx="50" w="412" h="447" x="-76.155624" y="-39.446274">
   <element name="symbol0" layername="blackstaff" frame="0" z_index="1" m_a="0.887035" m_b="0.461702" m_c="-0.461702" m_d="0.887035" m_tx="6.801136" m_ty="2.067364"/>
  </frame>
  <frame idx="75" w="404" h="446" x="-73.207123" y="-38.317505">
   <element name="symbol0" layername="blackstaff" frame="0" z_index="1" m_a="0.894705" m_b="0.446657" m_c="-0.446657" m_d="0.894705" m_tx="6.656880" m_ty="3.183267"/>
  </frame>
  <frame idx="100" w="398" h="445" x="-70.258774" y="-37.240967">
   <element name="symbol0" layername="blackstaff" frame="0" z_index="1" m_a="0.902121" m_b="0.431483" m_c="-0.431483" m_d="0.902121" m_tx="6.512624" m_ty="4.299170"/>
  </frame>
  <frame idx="125" w="390" h="444" x="-67.311523" y="-36.216660">
   <element name="symbol0" layername="blackstaff" frame="0" z_index="1" m_a="0.909279" m_b="0.416187" m_c="-0.416187" m_d="0.909279" m_tx="6.368368" m_ty="5.415074"/>
  </frame>
  <frame idx="150" w="382" h="442" x="-64.366348" y="-35.244537">
   <element name="symbol0" layername="blackstaff" frame="0" z_index="1" m_a="0.916178" m_b="0.400772" m_c="-0.400772" m_d="0.916178" m_tx="6.224113" m_ty="6.530977"/>
  </frame>
  <frame idx="175" w="374" h="440" x="-61.423950" y="-34.324570">
   <element name="symbol0" layername="blackstaff" frame="0" z_index="1" m_a="0.922815" m_b="0.385243" m_c="-0.385243" m_d="0.922815" m_tx="6.079857" m_ty="7.646881"/>
  </frame>
  <frame idx="200" w="367" h="439" x="-58.485382" y="-33.456696">
   <element name="symbol0" layername="blackstaff" frame="0" z_index="1" m_a="0.929189" m_b="0.369604" m_c="-0.369604" m_d="0.929189" m_tx="5.935601" m_ty="8.762783"/>
  </frame>
  <frame idx="225" w="359" h="437" x="-55.551376" y="-32.640854">
   <element name="symbol0" layername="blackstaff" frame="0" z_index="1" m_a="0.935299" m_b="0.353859" m_c="-0.353859" m_d="0.935299" m_tx="5.791345" m_ty="9.878686"/>
  </frame>
  <frame idx="250" w="351" h="436" x="-52.622864" y="-31.876984">
   <element name="symbol0" layername="blackstaff" frame="0" z_index="1" m_a="0.941141" m_b="0.338014" m_c="-0.338014" m_d="0.941141" m_tx="5.647089" m_ty="10.994590"/>
  </frame>
  <frame idx="275" w="344" h="434" x="-49.700821" y="-31.164948">
   <element name="symbol0" layername="blackstaff" frame="0" z_index="1" m_a="0.946715" m_b="0.322072" m_c="-0.322072" m_d="0.946715" m_tx="5.502833" m_ty="12.110493"/>
  </frame>
  <frame idx="300" w="335" h="433" x="-46.786133" y="-30.504578">
   <element name="symbol0" layername="blackstaff" frame="0" z_index="1" m_a="0.952019" m_b="0.306039" m_c="-0.306039" m_d="0.952019" m_tx="5.358577" m_ty="13.226396"/>
  </frame>
  <frame idx="325" w="327" h="431" x="-43.879295" y="-29.895859">
   <element name="symbol0" layername="blackstaff" frame="0" z_index="1" m_a="0.957052" m_b="0.289917" m_c="-0.289917" m_d="0.957052" m_tx="5.214321" m_ty="14.342299"/>
  </frame>
  <frame idx="350" w="319" h="429" x="-40.981636" y="-29.338562">
   <element name="symbol0" layername="blackstaff" frame="0" z_index="1" m_a="0.961811" m_b="0.273714" m_c="-0.273714" m_d="0.961811" m_tx="5.070065" m_ty="15.458203"/>
  </frame>
  <frame idx="375" w="311" h="427" x="-38.093681" y="-28.832596">
   <element name="symbol0" layername="blackstaff" frame="0" z_index="1" m_a="0.966296" m_b="0.257432" m_c="-0.257432" m_d="0.966296" m_tx="4.925810" m_ty="16.574106"/>
  </frame>
  <frame idx="400" w="303" h="425" x="-35.216713" y="-28.377686">
   <element name="symbol0" layername="blackstaff" frame="0" z_index="1" m_a="0.970506" m_b="0.241077" m_c="-0.241077" m_d="0.970506" m_tx="4.781554" m_ty="17.690008"/>
  </frame>
  <frame idx="425" w="294" h="423" x="-32.351082" y="-27.973755">
   <element name="symbol0" layername="blackstaff" frame="0" z_index="1" m_a="0.974439" m_b="0.224653" m_c="-0.224653" m_d="0.974439" m_tx="4.637298" m_ty="18.805912"/>
  </frame>
  <frame idx="450" w="285" h="421" x="-29.498154" y="-27.620514">
   <element name="symbol0" layername="blackstaff" frame="0" z_index="1" m_a="0.978094" m_b="0.208165" m_c="-0.208165" m_d="0.978094" m_tx="4.493042" m_ty="19.921814"/>
  </frame>
  <frame idx="475" w="278" h="418" x="-26.658279" y="-27.317825">
   <element name="symbol0" layername="blackstaff" frame="0" z_index="1" m_a="0.981470" m_b="0.191617" m_c="-0.191617" m_d="0.981470" m_tx="4.348786" m_ty="21.037720"/>
  </frame>
  <frame idx="500" w="269" h="416" x="-23.832825" y="-27.065338">
   <element name="symbol0" layername="blackstaff" frame="0" z_index="1" m_a="0.984566" m_b="0.175016" m_c="-0.175016" m_d="0.984566" m_tx="4.204530" m_ty="22.153622"/>
  </frame>
  <frame idx="525" w="260" h="414" x="-21.022118" y="-26.862976">
   <element name="symbol0" layername="blackstaff" frame="0" z_index="1" m_a="0.987381" m_b="0.158364" m_c="-0.158364" m_d="0.987381" m_tx="4.060274" m_ty="23.269526"/>
  </frame>
  <frame idx="550" w="251" h="412" x="-18.227509" y="-26.710327">
   <element name="symbol0" layername="blackstaff" frame="0" z_index="1" m_a="0.989914" m_b="0.141667" m_c="-0.141667" m_d="0.989914" m_tx="3.916018" m_ty="24.385427"/>
  </frame>
  <frame idx="575" w="244" h="410" x="-15.449348" y="-26.607239">
   <element name="symbol0" layername="blackstaff" frame="0" z_index="1" m_a="0.992166" m_b="0.124929" m_c="-0.124929" m_d="0.992166" m_tx="3.771763" m_ty="25.501331"/>
  </frame>
  <frame idx="600" w="235" h="407" x="-12.688858" y="-26.553284">
   <element name="symbol0" layername="blackstaff" frame="0" z_index="1" m_a="0.994134" m_b="0.108156" m_c="-0.108156" m_d="0.994134" m_tx="3.627507" m_ty="26.617233"/>
  </frame>
  <frame idx="625" w="226" h="405" x="-9.946564" y="-26.548279">
   <element name="symbol0" layername="blackstaff" frame="0" z_index="1" m_a="0.995819" m_b="0.091352" m_c="-0.091352" m_d="0.995819" m_tx="3.483251" m_ty="27.733139"/>
  </frame>
  <frame idx="650" w="217" h="402" x="-7.223679" y="-26.591797">
   <element name="symbol0" layername="blackstaff" frame="0" z_index="1" m_a="0.997219" m_b="0.074522" m_c="-0.074522" m_d="0.997219" m_tx="3.338995" m_ty="28.849041"/>
  </frame>
  <frame idx="675" w="216" h="402" x="-7.129395" y="-26.622940">
   <element name="symbol0" layername="blackstaff" frame="0" z_index="1" m_a="0.997268" m_b="0.073864" m_c="-0.073864" m_d="0.997268" m_tx="3.321632" m_ty="28.864183"/>
  </frame>
  <frame idx="700" w="234" h="407" x="-12.633072" y="-26.661438">
   <element name="symbol0" layername="blackstaff" frame="0" z_index="1" m_a="0.994200" m_b="0.107551" m_c="-0.107551" m_d="0.994200" m_tx="3.578894" m_ty="26.548267"/>
  </frame>
  <frame idx="725" w="251" h="412" x="-18.203346" y="-26.882965">
   <element name="symbol0" layername="blackstaff" frame="0" z_index="1" m_a="0.989993" m_b="0.141114" m_c="-0.141114" m_d="0.989993" m_tx="3.843289" m_ty="24.245461"/>
  </frame>
  <frame idx="750" w="269" h="417" x="-23.833984" y="-27.289703">
   <element name="symbol0" layername="blackstaff" frame="0" z_index="1" m_a="0.984654" m_b="0.174517" m_c="-0.174517" m_d="0.984654" m_tx="4.114369" m_ty="21.955997"/>
  </frame>
  <frame idx="775" w="285" h="422" x="-29.518707" y="-27.883514">
   <element name="symbol0" layername="blackstaff" frame="0" z_index="1" m_a="0.978189" m_b="0.207719" m_c="-0.207719" m_d="0.978189" m_tx="4.391679" m_ty="19.680107"/>
  </frame>
  <frame idx="800" w="303" h="425" x="-35.250977" y="-28.666260">
   <element name="symbol0" layername="blackstaff" frame="0" z_index="1" m_a="0.970604" m_b="0.240683" m_c="-0.240683" m_d="0.970604" m_tx="4.674746" m_ty="17.417984"/>
  </frame>
  <frame idx="825" w="319" h="429" x="-41.024704" y="-29.639252">
   <element name="symbol0" layername="blackstaff" frame="0" z_index="1" m_a="0.961908" m_b="0.273372" m_c="-0.273372" m_d="0.961908" m_tx="4.963122" m_ty="15.169813"/>
  </frame>
  <frame idx="850" w="335" h="433" x="-46.833191" y="-30.803909">
   <element name="symbol0" layername="blackstaff" frame="0" z_index="1" m_a="0.952112" m_b="0.305749" m_c="-0.305749" m_d="0.952112" m_tx="5.256317" m_ty="12.935771"/>
  </frame>
  <frame idx="875" w="351" h="436" x="-52.669983" y="-32.161255">
   <element name="symbol0" layername="blackstaff" frame="0" z_index="1" m_a="0.941227" m_b="0.337775" m_c="-0.337775" m_d="0.941227" m_tx="5.553853" m_ty="10.716010"/>
  </frame>
  <frame idx="900" w="367" h="439" x="-58.528687" y="-33.712128">
   <element name="symbol0" layername="blackstaff" frame="0" z_index="1" m_a="0.929264" m_b="0.369415" m_c="-0.369415" m_d="0.929264" m_tx="5.855255" m_ty="8.510664"/>
  </frame>
  <frame idx="925" w="382" h="443" x="-64.402603" y="-35.457184">
   <element name="symbol0" layername="blackstaff" frame="0" z_index="1" m_a="0.916239" m_b="0.400633" m_c="-0.400633" m_d="0.916239" m_tx="6.160024" m_ty="6.319864"/>
  </frame>
  <frame idx="950" w="398" h="445" x="-70.285217" y="-37.396820">
   <element name="symbol0" layername="blackstaff" frame="0" z_index="1" m_a="0.902165" m_b="0.431392" m_c="-0.431392" m_d="0.902165" m_tx="6.467667" m_ty="4.143713"/>
  </frame>
  <frame idx="975" w="412" h="447" x="-76.169830" y="-39.531219">
   <element name="symbol0" layername="blackstaff" frame="0" z_index="1" m_a="0.887058" m_b="0.461657" m_c="-0.461657" m_d="0.887058" m_tx="6.777680" m_ty="1.982296"/>
  </frame>
 </anim>
</Anims>
